{
  "LinearRegression": {
    "rmse": 4572.247092016589,
    "rmsle": 0.4280694429674755,
    "mae": 3151.597029063196,
    "r2": 0.8210971615394598,
    "fit_seconds": 0.0172,
    "predict_seconds": 0.0049,
    "total_seconds": 0.0221
  },
  "DecisionTree": {
    "rmse": 4271.393444843003,
    "rmsle": 0.4671538117335053,
    "mae": 2267.7689622501093,
    "r2": 0.8438661747346607,
    "fit_seconds": 0.0215,
    "predict_seconds": 0.0062,
    "total_seconds": 0.0277
  },
  "RandomForest": {
    "rmse": 4228.686161884481,
    "rmsle": 0.4733979344725484,
    "mae": 2242.0980378881877,
    "r2": 0.8469727564510057,
    "fit_seconds": 0.7095,
    "predict_seconds": 0.0766,
    "total_seconds": 0.7861
  },
  "XGBoost": {
    "rmse": 4365.773345413001,
    "rmsle": 0.6758848050768651,
    "mae": 2582.438722534985,
    "r2": 0.8368901394581254,
    "fit_seconds": 2.6626,
    "predict_seconds": 0.0082,
    "total_seconds": 2.6708
  }
}